Tumor_Sample_Barcode,Variants
TCGA-UB-A7MB,1250
TCGA-4R-AA8I,987
TCGA-CC-A7IH,596
TCGA-DD-A1EE,529
TCGA-DD-AAC8,489
TCGA-WQ-A9G7,412
TCGA-DD-AACI,322
TCGA-DD-A3A9,314
TCGA-CC-A7IK,278
TCGA-DD-AACL,265
TCGA-ED-A7PZ,239
TCGA-DD-AAE7,218
TCGA-MI-A75G,207
TCGA-ED-A459,198
TCGA-DD-AADF,196
TCGA-DD-AADO,190
TCGA-DD-AACQ,188
TCGA-G3-A3CK,187
TCGA-CC-A8HT,181
TCGA-DD-AACT,172
TCGA-LG-A6GG,171
TCGA-DD-AAEA,167
TCGA-G3-A7M5,164
TCGA-RC-A6M6,164
TCGA-DD-AADM,161
TCGA-CC-A5UD,160
TCGA-DD-AADG,156
TCGA-MI-A75I,156
TCGA-DD-AACP,156
TCGA-BC-A10Z,153
TCGA-DD-AACZ,151
TCGA-CC-A7IE,150
TCGA-2Y-A9H3,147
TCGA-RC-A6M4,146
TCGA-G3-AAV0,146
TCGA-DD-AAE3,144
TCGA-CC-A7II,144
TCGA-CC-A7IJ,138
TCGA-DD-A113,138
TCGA-ED-A4XI,137
TCGA-DD-A4NI,132
TCGA-CC-A9FW,131
TCGA-2Y-A9GU,131
TCGA-CC-5259,130
TCGA-DD-AADS,129
TCGA-RC-A7SK,128
TCGA-CC-A7IG,128
TCGA-2Y-A9HA,126
TCGA-DD-A1EB,124
TCGA-CC-A8HV,124
TCGA-3K-AAZ8,123
TCGA-5C-A9VG,121
TCGA-XR-A8TF,121
TCGA-2Y-A9H1,120
TCGA-CC-5262,120
TCGA-BC-A10U,120
TCGA-DD-A4NV,120
TCGA-DD-AACK,119
TCGA-MI-A75H,119
TCGA-WJ-A86L,118
TCGA-CC-A3M9,117
TCGA-CC-A5UE,116
TCGA-DD-AAEB,115
TCGA-2Y-A9H9,114
TCGA-HP-A5N0,114
TCGA-DD-AAD5,114
TCGA-DD-AACF,113
TCGA-FV-A2QQ,113
TCGA-ZP-A9D1,112
TCGA-DD-AAEI,112
TCGA-DD-AAVV,112
TCGA-G3-A5SL,111
TCGA-DD-AADL,111
TCGA-DD-AAD1,110
TCGA-CC-5258,110
TCGA-ZS-A9CE,109
TCGA-DD-AADB,109
TCGA-DD-A11A,109
TCGA-DD-A118,109
TCGA-DD-AADA,109
TCGA-MI-A75E,109
TCGA-K7-A5RG,108
TCGA-CC-A7IF,108
TCGA-G3-A6UC,108
TCGA-DD-A11D,107
TCGA-G3-A7M9,107
TCGA-FV-A496,106
TCGA-BC-4073,106
TCGA-DD-AACX,106
TCGA-BW-A5NO,105
TCGA-DD-A3A7,104
TCGA-BC-A10R,104
TCGA-G3-A25S,103
TCGA-DD-AADN,103
TCGA-DD-AADQ,103
TCGA-DD-AAW2,103
TCGA-DD-A3A8,103
TCGA-ED-A8O5,103
TCGA-DD-AACU,102
TCGA-DD-AAD8,102
TCGA-DD-AADE,102
TCGA-MI-A75C,101
TCGA-DD-A73E,101
TCGA-DD-A73G,101
TCGA-DD-AAD0,98
TCGA-DD-A4NF,98
TCGA-DD-AADI,98
TCGA-EP-A2KA,97
TCGA-DD-AAEG,97
TCGA-DD-AACA,97
TCGA-DD-AAW1,97
TCGA-BD-A3EP,96
TCGA-UB-A7MD,96
TCGA-CC-A9FS,96
TCGA-UB-A7MF,95
TCGA-DD-AAE9,95
TCGA-G3-A5SM,95
TCGA-DD-A114,95
TCGA-CC-5264,94
TCGA-ZP-A9CV,94
TCGA-NI-A4U2,93
TCGA-CC-5263,92
TCGA-FV-A2QR,92
TCGA-BC-A10W,91
TCGA-DD-A1EF,91
TCGA-CC-A3MC,91
TCGA-NI-A8LF,91
TCGA-5C-A9VH,91
TCGA-FV-A495,90
TCGA-DD-A73A,90
TCGA-BC-A217,90
TCGA-RG-A7D4,89
TCGA-ZS-A9CD,89
TCGA-LG-A9QD,89
TCGA-DD-A116,89
TCGA-CC-A7IL,88
TCGA-DD-AACG,88
TCGA-DD-AADP,88
TCGA-DD-AAD6,88
TCGA-DD-AADV,88
TCGA-G3-A3CG,87
TCGA-DD-AACV,87
TCGA-DD-AAW0,87
TCGA-DD-AADR,85
TCGA-G3-A5SJ,85
TCGA-DD-AAW3,84
TCGA-EP-A3JL,84
TCGA-DD-AACJ,84
TCGA-DD-AACB,83
TCGA-G3-AAV4,82
TCGA-2Y-A9GZ,82
TCGA-DD-AACH,82
TCGA-DD-AAVY,82
TCGA-DD-AADD,81
TCGA-2V-A95S,81
TCGA-DD-AAEH,81
TCGA-5R-AA1C,81
TCGA-2Y-A9GT,80
TCGA-DD-AADU,80
TCGA-G3-AAV3,80
TCGA-ZS-A9CF,80
TCGA-UB-A7ME,80
TCGA-ED-A66Y,79
TCGA-BW-A5NQ,79
TCGA-G3-A25Y,79
TCGA-KR-A7K0,79
TCGA-G3-A7M6,78
TCGA-DD-A11C,78
TCGA-CC-A8HU,78
TCGA-DD-AACC,78
TCGA-DD-AACD,77
TCGA-DD-A4NQ,77
TCGA-CC-A1HT,77
TCGA-DD-A1EL,77
TCGA-BC-A3KF,77
TCGA-G3-A5SK,77
TCGA-XR-A8TG,77
TCGA-FV-A3I0,77
TCGA-DD-AAEK,76
TCGA-ZP-A9CY,75
TCGA-EP-A26S,75
TCGA-DD-AADC,75
TCGA-5R-AAAM,74
TCGA-G3-AAUZ,74
TCGA-G3-A25W,74
TCGA-DD-AAC9,74
TCGA-FV-A4ZP,73
TCGA-DD-AAE2,73
TCGA-DD-A115,73
TCGA-UB-A7MA,72
TCGA-T1-A6J8,72
TCGA-2Y-A9H0,72
TCGA-DD-AACY,72
TCGA-EP-A2KC,72
TCGA-DD-AAE6,71
TCGA-ZS-A9CG,71
TCGA-CC-A123,71
TCGA-DD-A4NJ,71
TCGA-QA-A7B7,71
TCGA-2Y-A9H7,70
TCGA-DD-A73C,70
TCGA-FV-A23B,70
TCGA-RC-A6M3,70
TCGA-DD-AAVP,69
TCGA-UB-AA0U,69
TCGA-2Y-A9GW,69
TCGA-EP-A2KB,69
TCGA-2Y-A9H5,69
TCGA-G3-AAV7,69
TCGA-RC-A7SF,67
TCGA-G3-AAV5,67
TCGA-WX-AA44,67
TCGA-K7-A6G5,67
TCGA-DD-A73B,67
TCGA-DD-A3A2,67
TCGA-O8-A75V,67
TCGA-GJ-A9DB,67
TCGA-BD-A2L6,67
TCGA-CC-A3MB,66
TCGA-DD-AACE,66
TCGA-5C-AAPD,66
TCGA-DD-AAD3,65
TCGA-DD-A39Z,65
TCGA-BC-A10T,65
TCGA-DD-A4NK,65
TCGA-BC-A69H,65
TCGA-DD-A1EA,65
TCGA-FV-A3R2,64
TCGA-ES-A2HT,64
TCGA-FV-A4ZQ,64
TCGA-DD-A39V,63
TCGA-DD-A4NG,63
TCGA-UB-A7MC,63
TCGA-2Y-A9GY,63
TCGA-2Y-A9HB,63
TCGA-G3-A25Z,63
TCGA-2Y-A9H8,62
TCGA-DD-AAD2,62
TCGA-DD-AAEE,61
TCGA-ED-A8O6,61
TCGA-DD-AAE8,60
TCGA-DD-A73D,60
TCGA-YA-A8S7,60
TCGA-K7-AAU7,60
TCGA-DD-A39X,60
TCGA-2Y-A9H4,60
TCGA-BC-A10Y,59
TCGA-FV-A3I1,59
TCGA-RC-A7SH,59
TCGA-KR-A7K7,59
TCGA-BC-A8YO,59
TCGA-DD-AAED,59
TCGA-G3-AAV6,59
TCGA-DD-AAE0,59
TCGA-DD-AAVX,58
TCGA-DD-A73F,58
TCGA-2Y-A9GV,57
TCGA-BW-A5NP,57
TCGA-ED-A7XP,57
TCGA-BC-A5W4,56
TCGA-DD-AADJ,56
TCGA-G3-A25U,56
TCGA-2Y-A9GS,56
TCGA-WQ-AB4B,56
TCGA-ZP-A9D4,56
TCGA-DD-AAVR,56
TCGA-DD-A3A5,55
TCGA-DD-AADK,55
TCGA-ES-A2HS,54
TCGA-DD-AAE4,54
TCGA-DD-A1EJ,54
TCGA-ED-A7XO,54
TCGA-WX-AA46,53
TCGA-BC-A216,53
TCGA-DD-A119,53
TCGA-2Y-A9H6,52
TCGA-G3-A7M7,52
TCGA-GJ-A3OU,52
TCGA-ZP-A9D2,52
TCGA-2Y-A9GX,52
TCGA-RC-A7S9,51
TCGA-DD-A1E9,51
TCGA-G3-A25V,51
TCGA-XR-A8TD,51
TCGA-CC-A5UC,50
TCGA-ZP-A9D0,50
TCGA-DD-AACM,50
TCGA-DD-A1EK,50
TCGA-CC-A8HS,49
TCGA-DD-A1EI,49
TCGA-DD-AAVQ,48
TCGA-CC-5260,48
TCGA-EP-A3RK,48
TCGA-DD-AAVU,48
TCGA-DD-AADY,48
TCGA-RC-A7SB,48
TCGA-DD-A4NH,47
TCGA-DD-A3A3,47
TCGA-DD-A4NS,47
TCGA-DD-A4NE,46
TCGA-DD-A4ND,46
TCGA-2Y-A9H2,46
TCGA-ED-A97K,46
TCGA-ZP-A9CZ,46
TCGA-DD-A4NO,46
TCGA-DD-A4NN,45
TCGA-DD-AADW,45
TCGA-XR-A8TC,45
TCGA-GJ-A6C0,45
TCGA-DD-AAVS,45
TCGA-G3-AAV1,45
TCGA-BD-A3ER,45
TCGA-CC-A9FU,44
TCGA-DD-AAE1,44
TCGA-DD-AACW,44
TCGA-DD-AACS,44
TCGA-DD-A4NR,44
TCGA-FV-A3R3,43
TCGA-HP-A5MZ,43
TCGA-KR-A7K2,43
TCGA-EP-A12J,42
TCGA-DD-AACN,42
TCGA-KR-A7K8,42
TCGA-K7-A5RF,41
TCGA-PD-A5DF,40
TCGA-ED-A66X,40
TCGA-DD-A11B,39
TCGA-CC-A3MA,39
TCGA-LG-A9QC,39
TCGA-G3-A25T,39
TCGA-G3-AAV2,39
TCGA-G3-A3CH,38
TCGA-DD-AA3A,38
TCGA-DD-AACO,38
TCGA-DD-AAVZ,36
TCGA-UB-AA0V,35
TCGA-WX-AA47,34
TCGA-DD-A39W,33
TCGA-DD-A4NA,31
TCGA-DD-A3A4,31
TCGA-MR-A8JO,30
TCGA-G3-A7M8,29
TCGA-ED-A7PY,28
TCGA-DD-AAVW,28
TCGA-DD-A1EH,28
TCGA-BC-A10Q,27
TCGA-ED-A82E,27
TCGA-G3-A5SI,27
TCGA-ED-A7PX,26
TCGA-DD-A4NB,25
TCGA-RC-A6M5,24
TCGA-DD-A1EC,23
TCGA-DD-A4NL,23
TCGA-DD-A3A6,21
TCGA-DD-A1ED,20
TCGA-DD-A4NP,20
TCGA-CC-A9FV,17
TCGA-MR-A520,16
TCGA-G3-A3CI,15
TCGA-5R-AA1D,15
TCGA-XR-A8TE,11
TCGA-ED-A5KG,10
TCGA-BC-A10X,3
