Tumor_Sample_Barcode,Variants,TMB
TCGA-2V-A95S,138,3
TCGA-2Y-A9GS,87,2
TCGA-2Y-A9GT,120,3
TCGA-2Y-A9GU,208,5
TCGA-2Y-A9GV,91,2
TCGA-2Y-A9GW,112,3
TCGA-2Y-A9GX,76,2
TCGA-2Y-A9GY,103,2
TCGA-2Y-A9GZ,138,3
TCGA-2Y-A9H0,118,3
TCGA-2Y-A9H1,186,5
TCGA-2Y-A9H2,76,2
TCGA-2Y-A9H3,243,6
TCGA-2Y-A9H4,100,2
TCGA-2Y-A9H5,112,3
TCGA-2Y-A9H6,94,2
TCGA-2Y-A9H7,106,3
TCGA-2Y-A9H8,109,3
TCGA-2Y-A9H9,181,5
TCGA-2Y-A9HA,207,5
TCGA-2Y-A9HB,111,3
TCGA-3K-AAZ8,201,5
TCGA-4R-AA8I,1648,47
TCGA-5C-A9VG,215,6
TCGA-5C-A9VH,140,4
TCGA-5C-AAPD,101,2
TCGA-5R-AA1C,136,3
TCGA-5R-AA1D,26,0
TCGA-5R-AAAM,123,3
TCGA-BC-4073,195,5
TCGA-BC-A10Q,48,1
TCGA-BC-A10R,143,4
TCGA-BC-A10T,113,3
TCGA-BC-A10U,174,4
TCGA-BC-A10W,146,4
TCGA-BC-A10X,9,0
TCGA-BC-A10Y,97,2
TCGA-BC-A10Z,239,6
TCGA-BC-A216,87,2
TCGA-BC-A217,161,4
TCGA-BC-A3KF,138,3
TCGA-BC-A5W4,93,2
TCGA-BC-A69H,118,3
TCGA-BC-A8YO,97,2
TCGA-BD-A2L6,102,2
TCGA-BD-A3EP,135,3
TCGA-BD-A3ER,78,2
TCGA-BW-A5NO,153,4
TCGA-BW-A5NP,88,2
TCGA-BW-A5NQ,126,3
TCGA-CC-5258,176,5
TCGA-CC-5259,198,5
TCGA-CC-5260,75,2
TCGA-CC-5262,181,5
TCGA-CC-5263,142,4
TCGA-CC-5264,145,4
TCGA-CC-A123,109,3
TCGA-CC-A1HT,124,3
TCGA-CC-A3M9,187,5
TCGA-CC-A3MA,65,1
TCGA-CC-A3MB,96,2
TCGA-CC-A3MC,142,4
TCGA-CC-A5UC,81,2
TCGA-CC-A5UD,256,7
TCGA-CC-A5UE,176,5
TCGA-CC-A7IE,241,6
TCGA-CC-A7IF,181,5
TCGA-CC-A7IG,212,6
TCGA-CC-A7IH,997,28
TCGA-CC-A7II,231,6
TCGA-CC-A7IJ,205,5
TCGA-CC-A7IK,428,12
TCGA-CC-A7IL,155,4
TCGA-CC-A8HS,76,2
TCGA-CC-A8HT,292,8
TCGA-CC-A8HU,130,3
TCGA-CC-A8HV,198,5
TCGA-CC-A9FS,150,4
TCGA-CC-A9FU,69,1
TCGA-CC-A9FV,32,0
TCGA-CC-A9FW,213,6
TCGA-DD-A113,220,6
TCGA-DD-A114,144,4
TCGA-DD-A115,118,3
TCGA-DD-A116,144,4
TCGA-DD-A118,160,4
TCGA-DD-A119,86,2
TCGA-DD-A11A,150,4
TCGA-DD-A11B,74,2
TCGA-DD-A11C,121,3
TCGA-DD-A11D,180,5
TCGA-DD-A1E9,97,2
TCGA-DD-A1EA,95,2
TCGA-DD-A1EB,196,5
TCGA-DD-A1EC,38,1
TCGA-DD-A1ED,33,0
TCGA-DD-A1EE,597,17
TCGA-DD-A1EF,164,4
TCGA-DD-A1EH,42,1
TCGA-DD-A1EI,75,2
TCGA-DD-A1EJ,86,2
TCGA-DD-A1EK,82,2
TCGA-DD-A1EL,123,3
TCGA-DD-A39V,100,2
TCGA-DD-A39W,50,1
TCGA-DD-A39X,85,2
TCGA-DD-A39Z,106,3
TCGA-DD-A3A2,101,2
TCGA-DD-A3A3,81,2
TCGA-DD-A3A4,46,1
TCGA-DD-A3A5,89,2
TCGA-DD-A3A6,27,0
TCGA-DD-A3A7,165,4
TCGA-DD-A3A8,176,5
TCGA-DD-A3A9,513,14
TCGA-DD-A4NA,45,1
TCGA-DD-A4NB,40,1
TCGA-DD-A4ND,73,2
TCGA-DD-A4NE,74,2
TCGA-DD-A4NF,151,4
TCGA-DD-A4NG,93,2
TCGA-DD-A4NH,66,1
TCGA-DD-A4NI,213,6
TCGA-DD-A4NJ,106,3
TCGA-DD-A4NK,104,2
TCGA-DD-A4NL,34,0
TCGA-DD-A4NN,72,2
TCGA-DD-A4NO,68,1
TCGA-DD-A4NP,28,0
TCGA-DD-A4NQ,108,3
TCGA-DD-A4NR,64,1
TCGA-DD-A4NS,70,2
TCGA-DD-A4NV,175,5
TCGA-DD-A73A,127,3
TCGA-DD-A73B,103,2
TCGA-DD-A73C,112,3
TCGA-DD-A73D,96,2
TCGA-DD-A73E,174,4
TCGA-DD-A73F,107,3
TCGA-DD-A73G,158,4
TCGA-DD-AA3A,69,1
TCGA-DD-AAC8,748,21
TCGA-DD-AAC9,111,3
TCGA-DD-AACA,154,4
TCGA-DD-AACB,153,4
TCGA-DD-AACC,121,3
TCGA-DD-AACD,128,3
TCGA-DD-AACE,118,3
TCGA-DD-AACF,183,5
TCGA-DD-AACG,144,4
TCGA-DD-AACH,138,3
TCGA-DD-AACI,540,15
TCGA-DD-AACJ,151,4
TCGA-DD-AACK,187,5
TCGA-DD-AACL,439,12
TCGA-DD-AACM,82,2
TCGA-DD-AACN,65,1
TCGA-DD-AACO,65,1
TCGA-DD-AACP,276,7
TCGA-DD-AACQ,302,8
TCGA-DD-AACS,69,1
TCGA-DD-AACT,296,8
TCGA-DD-AACU,160,4
TCGA-DD-AACV,139,3
TCGA-DD-AACW,64,1
TCGA-DD-AACX,168,4
TCGA-DD-AACY,111,3
TCGA-DD-AACZ,243,6
TCGA-DD-AAD0,152,4
TCGA-DD-AAD1,182,5
TCGA-DD-AAD2,102,2
TCGA-DD-AAD3,107,3
TCGA-DD-AAD5,186,5
TCGA-DD-AAD6,152,4
TCGA-DD-AAD8,164,4
TCGA-DD-AADA,174,4
TCGA-DD-AADB,180,5
TCGA-DD-AADC,115,3
TCGA-DD-AADD,123,3
TCGA-DD-AADE,163,4
TCGA-DD-AADF,322,9
TCGA-DD-AADG,241,6
TCGA-DD-AADI,156,4
TCGA-DD-AADJ,89,2
TCGA-DD-AADK,80,2
TCGA-DD-AADL,177,5
TCGA-DD-AADM,276,7
TCGA-DD-AADN,152,4
TCGA-DD-AADO,322,9
TCGA-DD-AADP,127,3
TCGA-DD-AADQ,186,5
TCGA-DD-AADR,147,4
TCGA-DD-AADS,208,5
TCGA-DD-AADU,145,4
TCGA-DD-AADV,146,4
TCGA-DD-AADW,81,2
TCGA-DD-AADY,69,1
TCGA-DD-AAE0,103,2
TCGA-DD-AAE1,68,1
TCGA-DD-AAE2,143,4
TCGA-DD-AAE3,240,6
TCGA-DD-AAE4,98,2
TCGA-DD-AAE6,136,3
TCGA-DD-AAE7,376,10
TCGA-DD-AAE8,95,2
TCGA-DD-AAE9,158,4
TCGA-DD-AAEA,261,7
TCGA-DD-AAEB,181,5
TCGA-DD-AAED,105,3
TCGA-DD-AAEE,119,3
TCGA-DD-AAEG,164,4
TCGA-DD-AAEH,135,3
TCGA-DD-AAEI,165,4
TCGA-DD-AAEK,123,3
TCGA-DD-AAVP,121,3
TCGA-DD-AAVQ,74,2
TCGA-DD-AAVR,97,2
TCGA-DD-AAVS,71,2
TCGA-DD-AAVU,84,2
TCGA-DD-AAVV,171,4
TCGA-DD-AAVW,42,1
TCGA-DD-AAVX,113,3
TCGA-DD-AAVY,135,3
TCGA-DD-AAVZ,65,1
TCGA-DD-AAW0,132,3
TCGA-DD-AAW1,161,4
TCGA-DD-AAW2,174,4
TCGA-DD-AAW3,138,3
TCGA-ED-A459,296,8
TCGA-ED-A4XI,198,5
TCGA-ED-A5KG,25,0
TCGA-ED-A627,2,0
TCGA-ED-A66X,58,1
TCGA-ED-A66Y,112,3
TCGA-ED-A7PX,44,1
TCGA-ED-A7PY,47,1
TCGA-ED-A7PZ,359,10
TCGA-ED-A7XO,83,2
TCGA-ED-A7XP,84,2
TCGA-ED-A82E,46,1
TCGA-ED-A8O5,169,4
TCGA-ED-A8O6,94,2
TCGA-ED-A97K,69,1
TCGA-EP-A12J,69,1
TCGA-EP-A26S,124,3
TCGA-EP-A2KA,149,4
TCGA-EP-A2KB,121,3
TCGA-EP-A2KC,107,3
TCGA-EP-A3JL,120,3
TCGA-EP-A3RK,78,2
TCGA-ES-A2HS,92,2
TCGA-ES-A2HT,110,3
TCGA-FV-A23B,125,3
TCGA-FV-A2QQ,179,5
TCGA-FV-A2QR,151,4
TCGA-FV-A3I0,113,3
TCGA-FV-A3I1,96,2
TCGA-FV-A3R2,103,2
TCGA-FV-A3R3,64,1
TCGA-FV-A495,135,3
TCGA-FV-A496,155,4
TCGA-FV-A4ZP,116,3
TCGA-FV-A4ZQ,106,3
TCGA-G3-A25S,154,4
TCGA-G3-A25T,58,1
TCGA-G3-A25U,92,2
TCGA-G3-A25V,80,2
TCGA-G3-A25W,100,2
TCGA-G3-A25Y,103,2
TCGA-G3-A25Z,92,2
TCGA-G3-A3CG,152,4
TCGA-G3-A3CH,62,1
TCGA-G3-A3CI,20,0
TCGA-G3-A3CK,301,8
TCGA-G3-A5SI,57,1
TCGA-G3-A5SJ,125,3
TCGA-G3-A5SK,124,3
TCGA-G3-A5SL,162,4
TCGA-G3-A5SM,162,4
TCGA-G3-A6UC,178,5
TCGA-G3-A7M5,260,7
TCGA-G3-A7M6,132,3
TCGA-G3-A7M7,85,2
TCGA-G3-A7M8,44,1
TCGA-G3-A7M9,170,4
TCGA-G3-AAUZ,112,3
TCGA-G3-AAV0,248,7
TCGA-G3-AAV1,75,2
TCGA-G3-AAV2,74,2
TCGA-G3-AAV3,118,3
TCGA-G3-AAV4,149,4
TCGA-G3-AAV5,111,3
TCGA-G3-AAV6,108,3
TCGA-G3-AAV7,120,3
TCGA-GJ-A3OU,74,2
TCGA-GJ-A6C0,86,2
TCGA-GJ-A9DB,128,3
TCGA-HP-A5MZ,65,1
TCGA-HP-A5N0,170,4
TCGA-K7-A5RF,69,1
TCGA-K7-A5RG,158,4
TCGA-K7-A6G5,120,3
TCGA-K7-AAU7,96,2
TCGA-KR-A7K0,144,4
TCGA-KR-A7K2,80,2
TCGA-KR-A7K7,86,2
TCGA-KR-A7K8,73,2
TCGA-LG-A6GG,267,7
TCGA-LG-A9QC,68,1
TCGA-LG-A9QD,155,4
TCGA-MI-A75C,173,4
TCGA-MI-A75E,172,4
TCGA-MI-A75G,325,9
TCGA-MI-A75H,196,5
TCGA-MI-A75I,244,6
TCGA-MR-A520,34,0
TCGA-MR-A8JO,39,1
TCGA-NI-A4U2,152,4
TCGA-NI-A8LF,151,4
TCGA-O8-A75V,116,3
TCGA-PD-A5DF,60,1
TCGA-QA-A7B7,125,3
TCGA-RC-A6M3,108,3
TCGA-RC-A6M4,254,7
TCGA-RC-A6M5,36,1
TCGA-RC-A6M6,249,7
TCGA-RC-A7S9,81,2
TCGA-RC-A7SB,84,2
TCGA-RC-A7SF,97,2
TCGA-RC-A7SH,94,2
TCGA-RC-A7SK,211,6
TCGA-RG-A7D4,141,4
TCGA-T1-A6J8,119,3
TCGA-UB-A7MA,114,3
TCGA-UB-A7MB,2061,58
TCGA-UB-A7MC,101,2
TCGA-UB-A7MD,150,4
TCGA-UB-A7ME,123,3
TCGA-UB-A7MF,150,4
TCGA-UB-AA0U,112,3
TCGA-UB-AA0V,63,1
TCGA-WJ-A86L,189,5
TCGA-WQ-A9G7,724,20
TCGA-WQ-AB4B,91,2
TCGA-WX-AA44,117,3
TCGA-WX-AA46,84,2
TCGA-WX-AA47,55,1
TCGA-XR-A8TC,65,1
TCGA-XR-A8TD,77,2
TCGA-XR-A8TE,21,0
TCGA-XR-A8TF,193,5
TCGA-XR-A8TG,129,3
TCGA-YA-A8S7,114,3
TCGA-ZP-A9CV,151,4
TCGA-ZP-A9CY,115,3
TCGA-ZP-A9CZ,75,2
TCGA-ZP-A9D0,82,2
TCGA-ZP-A9D1,186,5
TCGA-ZP-A9D2,79,2
TCGA-ZP-A9D4,96,2
TCGA-ZS-A9CD,150,4
TCGA-ZS-A9CE,172,4
TCGA-ZS-A9CF,136,3
TCGA-ZS-A9CG,106,3
